Workbook

Sheet Sheet1
A1: Alloy | B1: Etutetic | C1: %Co | D1: %Cr | E1: %Fe | F1: %Ni | G1: Etutetic
A2: Al0.1CoCr3Fe5Ni | C2: 9.9009901 | D2: 29.70297 | E2: 49.50495 | F2: 9.9009901 | G2: -1
A3: Al0.2CoCr3Fe5Ni | C3: 9.8039216 | D3: 29.411765 | E3: 49.019608 | F3: 9.8039216 | G3: -1
A4: Al2.4Co24.4Cr24.4Fe24.4Ni24.4 | C4: 24.4 | D4: 24.4 | E4: 24.4 | F4: 24.4 | G4: -1
A5: Al0.1CoCrFeNi | C5: 24.390244 | D5: 24.390244 | E5: 24.390244 | F5: 24.390244 | G5: -1
A6: Al0.1CoFeNiCr0.9 | C6: 25 | D6: 22.5 | E6: 25 | F6: 25 | G6: -1
A7: Al0.3CoCr3Fe5Ni | C7: 9.7087379 | D7: 29.126214 | E7: 48.543689 | F7: 9.7087379 | G7: -1
A8: Al0.2CoCrFeNi | C8: 23.809524 | D8: 23.809524 | E8: 23.809524 | F8: 23.809524 | G8: -1
A9: Al0.2CoFeNiCr0.8 | C9: 25 | D9: 20 | E9: 25 | F9: 25 | G9: -1
A10: Al0.3CoCr2FeNi | C10: 18.867925 | D10: 37.735849 | E10: 18.867925 | F10: 18.867925 | G10: -1
A11: Al0.25CoCrFeNi | C11: 23.529412 | D11: 23.529412 | E11: 23.529412 | F11: 23.529412 | G11: -1
A12: Al0.3CoCrFeNi | C12: 23.529412 | D12: 23.529412 | E12: 23.529412 | F12: 23.529412 | G12: -1
A13: Al7.0536Cr9.5224Fe15.749Co32.895Ni34.78 | C13: 23.255814 | D13: 23.255814 | E13: 23.255814 | F13: 23.255814 | G13: -1
... A190: Al15.1Cr20.3Fe6.9Co28.2Ni29.5 | C190: 20.8 | D190: 16.3 | E190: 21.8 | F190: 26.3 | G190: -1
A191: Al15.125Cr20.286Fe6.8925Co28.225Ni29.472 | B191: 1 | C191: 21.276596 | D191: 21.276596 | E191: 21.276596 | F191: 21.276596 | G191: 1
A192: Al15.2Cr19.9Fe17.4Co23.2Ni24.3 | C192: 16.2 | D192: 19.1 | E192: 32.5 | F192: 17.3 | G192: -1
A193: Al15.247Cr19.915Fe17.397Co23.157Ni24.284 | C193: 21.738 | D193: 19.271 | E193: 20.641 | F193: 23.443 | G193: -1
A194: Al15.3Cr20.4Fe7.7Co27.4Ni29.2 | C194: 21.7 | D194: 19.3 | E194: 20.6 | F194: 23.4 | G194: -1
A195: Al15.327Cr20.411Fe7.7228Co27.382Ni29.157 | C195: 25 | D195: 10 | E195: 25 | F195: 25 | G195: -1
A196: Al15.379Cr20.469Fe9.0169Co26.904Ni28.231 | C196: 28.2 | D196: 20.3 | E196: 6.9 | F196: 29.5 | G196: -1
A197: AlCoCrFeNi2.5 | C197: 28.225 | D197: 20.286 | E197: 6.8925 | F197: 29.472 | G197: -1
A198: Al15.4Cr20.5Fe9Co26.9Ni28.2 | C198: 23.2 | D198: 19.9 | E198: 17.4 | F198: 24.3 | G198: -1
A199: Al15.6Cr20.4Fe12.6Co25Ni26.4 | C199: 23.157 | D199: 19.915 | E199: 17.397 | F199: 24.284 | G199: -1
A200: Al0.74NiCoFeCr | C200: 27.4 | D200: 20.4 | E200: 7.7 | F200: 29.2 | G200: -1
A201: Al15.63Ni21.09Co21.09Fe21.09Cr21.09 | C201: 27.382 | D201: 20.411 | E201: 7.7228 | F201: 29.157 | G201: -1
A202: Al15.635Cr20.423Fe12.565Co24.963Ni26.415 | C202: 26.904 | D202: 20.469 | E202: 9.0169 | F202: 28.231 | G202: -1
A203: Al15.7Cr20.5Fe10.5Co25.8Ni27.5 | C203: 15.384615 | D203: 15.384615 | E203: 15.384615 | F203: 38.461538 | G203: -1
... A222: Al16.6Cr16.4Fe21.7Co20Ni25.3 | C222: 16.7 | D222: 19.7 | E222: 26.4 | F222: 21.1 | G222: -1
A223: Al16.605Cr17.798Fe23.996Co18.329Ni23.271 | B223: 1 | C223: 16.129032 | D223: 16.129032 | E223: 16.129032 | F223: 35.483871 | G223: 1
A224: Al16.6Co20.8Cr20.8Fe20.8Ni20.8 | C224: 16.721 | D224: 19.712 | E224: 26.373 | F224: 21.064 | G224: -1
A225: AlCo0.2CrFeNi2.8 | B225: 1 | C225: 16.393443 | D225: 16.393443 | E225: 16.393443 | F225: 34.42623 | G225: 1
A226: AlCo0.4CrFeNi2.6 | C226: 14.6 | D226: 21.4 | E226: 31.8 | F226: 15.7 | G226: -1
A227: AlCo0.6CrFeNi2.4 | C227: 14.633 | D227: 21.37 | E227: 31.821 | F227: 15.659 | G227: -1
A228: AlCo0.8CrFeNi2.2 | C228: 20.035 | D228: 16.43 | E228: 21.664 | F228: 25.28 | G228: -1
A229: AlCoCrFeNi2 | C229: 18.3 | D229: 17.8 | E229: 24 | F229: 23.3 | G229: -1
A230: AlCoCr2FeNi | C230: 20 | D230: 16.4 | E230: 21.7 | F230: 25.3 | G230: -1
A231: Al0.8CoCrFeNi | C231: 18.329 | D231: 17.798 | E231: 23.996 | F231: 23.271 | G231: -1
A232: Al16.7Cr22.8Fe31.1Co12.9Ni16.5 | C232: 20.8 | D232: 20.8 | E232: 20.8 | F232: 20.8 | G232: -1
A233: Al16.7Cr13.3Fe17.4Co23.3Ni29.3 | B233: 1 | C233: 3.3333333 | D233: 16.666667 | E233: 16.666667 | F233: 46.666667 | G233: 1
A234: Al16.7Cr11.8Fe15.4Co24.7Ni31.3 | B234: 1 | C234: 6.6666667 | D234: 16.666667 | E234: 16.666667 | F234: 43.333333 | G234: 1
A235: Al16.728Cr13.283Fe17.359Co23.316Ni29.314 | B235: 1 | C235: 10 | D235: 16.666667 | E235: 16.666667 | F235: 40 | G235: 1
A236: Al16.729Cr22.828Fe31.096Co12.858Ni16.489 | B236: 1 | C236: 13.333333 | D236: 16.666667 | E236: 16.666667 | F236: 36.666667 | G236: 1
A237: Al16.748Cr11.833Fe15.412Co24.729Ni31.277 | B237: 1 | C237: 16.666667 | D237: 16.666667 | E237: 16.666667 | F237: 33.333333 | G237: 1
A238: Al16.9Cr21.8Fe20.5Co19.7Ni21.1 | C238: 16.666667 | D238: 33.333333 | E238: 16.666667 | F238: 16.666667 | G238: -1
A239: Al16.915Cr21.793Fe20.497Co19.733Ni21.062 | C239: 20.833333 | D239: 20.833333 | E239: 20.833333 | F239: 20.833333 | G239: -1
A240: AlCo1.9CrFeNi | C240: 12.9 | D240: 22.8 | E240: 31.1 | F240: 16.5 | G240: -1
A241: Al17Co14.3Cr14.3Fe14.3Ni40.1 | C241: 23.3 | D241: 13.3 | E241: 17.4 | F241: 29.3 | G241: -1
A242: Al17Co14.3Cr14.3Fe28.6Ni25.8 | C242: 24.7 | D242: 11.8 | E242: 15.4 | F242: 31.3 | G242: -1
A243: Al17Co17Cr17Fe17Ni17Fe15 | C243: 23.316 | D243: 13.283 | E243: 17.359 | F243: 29.314 | G243: -1
A244: Al17Cr21.1Fe23.7Co18.5Ni19.7 | C244: 12.858 | D244: 22.828 | E244: 31.096 | F244: 16.489 | G244: -1
A245: Al17Co28.6Cr14.3Fe14.3Ni25.8 | C245: 24.729 | D245: 11.833 | E245: 15.412 | F245: 31.277 | G245: -1
A246: Al17.014Cr21.136Fe23.663Co18.481Ni19.707 | C246: 19.7 | D246: 21.8 | E246: 20.5 | F246: 21.1 | G246: -1
A247: Al17.052Cr14.546Fe19.406Co21.56Ni27.436 | C247: 19.733 | D247: 21.793 | E247: 20.497 | F247: 21.062 | G247: -1
A248: Al17.1Cr14.5Fe19.4Co21.6Ni27.4 | C248: 32.20339 | D248: 16.949153 | E248: 16.949153 | F248: 16.949153 | G248: -1
A249: AlCoCrFeNi1.75 | B249: 1 | C249: 14.3 | D249: 14.3 | E249: 14.3 | F249: 40.1 | G249: 1
A250: Al17.4Cr22.5Fe17.3Co20.7Ni22.1 | B250: 1 | C250: 14.3 | D250: 14.3 | E250: 28.6 | F250: 25.8 | G250: 1
A251: Al17.409Cr22.472Fe17.258Co20.714Ni22.147 | C251: 17 | D251: 17 | E251: 15 | F251: 17 | G251: -1
A252: Al0.7Co0.3CrFeNi | C252: 18.5 | D252: 21.1 | E252: 23.7 | F252: 19.7 | G252: -1
A253: Al17.6Cr23.2Fe6.8Co25.7Ni26.6 | B253: 1 | C253: 28.6 | D253: 14.3 | E253: 14.3 | F253: 25.8 | G253: 1
A254: Al17.642Cr23.177Fe6.8228Co25.723Ni26.636 | C254: 18.481 | D254: 21.136 | E254: 23.663 | F254: 19.707 | G254: -1
A255: Al17.662Cr23.102Fe12.532Co22.78Ni23.924 | C255: 21.56 | D255: 14.546 | E255: 19.406 | F255: 27.436 | G255: -1
A256: Al17.698Cr22.938Fe14.456Co21.892Ni23.016 | C256: 21.6 | D256: 14.5 | E256: 19.4 | F256: 27.4 | G256: -1
A257: Al17.7Cr22.9Fe14.5Co21.9Ni23 | C257: 17.391304 | D257: 17.391304 | E257: 17.391304 | F257: 30.434783 | G257: -1
A258: Al17.7Cr23.1Fe12.5Co22.8Ni23.9 | C258: 20.7 | D258: 22.5 | E258: 17.3 | F258: 22.1 | G258: -1
A259: Al1.1CoCrFeNi2.1 | C259: 20.714 | D259: 22.472 | E259: 17.258 | F259: 22.147 | G259: -1
A260: Al17.791Cr23.36Fe9.1903Co24.246Ni25.413 | C260: 7.5 | D260: 25 | E260: 25 | F260: 25 | G260: -1
A261: Al17.8Cr23.4Fe9.2Co24.2Ni25.4 | C261: 25.7 | D261: 23.2 | E261: 6.8 | F261: 26.6 | G261: -1
A262: Al0.875CoCrFeNi | C262: 25.723 | D262: 23.177 | E262: 6.8228 | F262: 26.636 | G262: -1
A263: Al17.999Cr22.526Fe27.296Co15.615Ni16.563 | C263: 22.78 | D263: 23.102 | E263: 12.532 | F263: 23.924 | G263: -1
A264: Al18Cr22.5Fe27.3Co15.6Ni16.6 | C264: 21.892 | D264: 22.938 | E264: 14.456 | F264: 23.016 | G264: -1
A265: Al18Cr21Fe20Co20Ni21 | C265: 21.9 | D265: 22.9 | E265: 14.5 | F265: 23 | G265: -1
... A667: Al1.27Co1.00Cr1.00Ni3.40 | C667: 9 | D667: 13.3 | E667: 17.5 | F667: 11.3 | G667: -1
A668: Al1.00Co1.25Cr1.25Ni2.25 | B668: 1 | G668: 1
A669: Al1.00Co2.41Cr1.42Ni1.42 | B669: 1 | G669: 1
A670: Al1.00Cr1.25Fe1.25Ni2.75 | B670: 1 | G670: 1
A671: Al1.80Co3.00Cr1.00Fe1.00Ni3.20 | B671: 1 | G671: 1
A672: Al1.00Co1.00Cr1.00Fe1.00Ni2.10 | B672: 1 | G672: 1
A673: Al1.19Co2.00Cr1.00Fe1.00Ni1.80 | B673: 1 | G673: 1
A674: Al1.19Co1.00Cr1.00Fe2.00Ni1.80 | B674: 1 | G674: 1
A675: Al1.19Co1.00Cr1.00Fe1.00Ni2.81 | B675: 1 | G675: 1
A676: Al1.00Co1.67Fe1.11Ni1.78 | B676: 1 | G676: 1
A677: Al1.00Co1.52Fe1.52Ni1.52 | B677: 1 | G677: 1
A678: Al1.80Co3.00Cr1.00Fe1.00Ni3.00 | B678: 1 | G678: 1
A679: Al1.80Co2.40Cr1.00Fe1.00Ni3.60 | B679: 1 | G679: 1
... A750: Al0.278 Co0.556 Cr0.556 Cu0.556 Fe0.556 Ni0.556 Ti1 | B750: 1 | G750: 1

Sheet Sheet2
A1: Alloy | B1: VEC
A2: Al0.1CoCr3Fe5Ni | B2: 7.6535
A3: Al0.2CoCr3Fe5Ni | B3: 7.6078
A4: Al2.4Co24.4Cr24.4Fe24.4Ni24.4 | B4: 8.124
A5: Al0.1CoCrFeNi | B5: 8.122
A6: Al0.1CoFeNiCr0.9 | B6: 8.175
A7: Al0.3CoCr3Fe5Ni | B7: 7.5631
A8: Al0.2CoCrFeNi | B8: 8
A9: Al0.2CoFeNiCr0.8 | B9: 8.1
A10: Al0.3CoCr2FeNi | B10: 7.5283
A11: Al0.25CoCrFeNi | B11: 7.9412
A12: Al0.25CoCrFeNi | B12: 7.9412
A13: Al0.3CoCrFeNi | B13: 7.8837
... A673: Al48.8Cr13.3Fe17.5Co9Ni11.3 | B673: 5.6076

Sheet Sheet4
A1: Alloy | B1: Eutectic | C1: Actual phase
A2: Al0.1CoCr3Fe5Ni | B2: -1
A3: Al0.2CoCr3Fe5Ni | B3: -1
A4: Al2.4Co24.4Cr24.4Fe24.4Ni24.4 | B4: 0 | C4: FCC
A5: Al0.1CoCrFeNi | B5: 0 | C5: FCC
A6: Al0.1CoFeNiCr0.9 | B6: -1
A7: Al0.3CoCr3Fe5Ni | B7: -1
A8: Al0.2CoCrFeNi | B8: 1 | C8: BCC1+B2(ordered BCC)
A9: Al0.2CoFeNiCr0.8 | B9: -1
A10: Al0.3CoCr2FeNi | B10: -1
A11: Al0.25CoCrFeNi | B11: 0 | C11: FCC
A12: Al0.25CoCrFeNi | B12: 0 | C12: FCC
A13: Al0.3CoCrFeNi | B13: -1 | C13: IM
A14: Al7.0536Cr9.5224Fe15.749Co32.895Ni34.78 | B14: -1
A15: Al7.1Cr9.5Fe15.7Co32.9Ni34.8 | B15: -1
A16: Al7.2Co23.2Cr23.2Fe23.2Ni23.2 | B16: -1 | C16: IM
A17: Al7.2069Cr9.6072Fe12.998Co34.049Ni36.138 | B17: -1
A18: Al7.2Cr9.6Fe13Co34Ni36.1 | B18: -1
A19: Al0.3CoFeNiCr0.7 | B19: -1
A20: Al7.6571Cr9.5984Fe26.587Co27.261Ni28.897 | B20: -1
A21: Al7.6864Cr9.7668Fe18.702Co31.106Ni32.739 | B21: -1
A22: Al7.7Cr9.6Fe26.6Co27.3Ni28.9 | B22: -1
A23: Al7.7Cr9.8Fe18.7Co31.1Ni32.7 | B23: -1
A24: Al7.7981Cr9.8581Fe22.204Co29.129Ni31.011 | B24: -1
A25: Al7.8Cr9.9Fe22.2Co29.1Ni31 | B25: -1
A26: Al7.9Cr10.1Fe37.3Co21.5Ni23.2 | B26: -1
A27: Al7.9214Cr10.128Fe37.308Co21.456Ni23.187 | B27: -1
A28: Al8.2Cr11.1Fe9.5Co34.7Ni36.5 | B28: -1
... A33: Al8.4353Cr11.298Fe16.225Co31.074Ni32.968 | B33: -1
A34: Al0.375CoCrFeNi | B34: 0 | C34: FCC
A35: Al0.375CoCrFeNi | B35: 0 | C35: FCC
A36: CoCrFeNiAl0.38 | B36: -1
A37: Al8.6895Cr10.442Fe32.126Co23.472Ni25.271 | B37: -1
A38: Al8.7Cr10.4Fe32.1Co23.5Ni25.3 | B38: -1
A39: Al8.7Cr10.9Fe27.2Co25.7Ni27.5 | B39: -1
A40: Al8.7167Cr10.894Fe27.204Co25.722Ni27.464 | B40: -1
A41: Al8.7665Cr11.071Fe13.554Co32.427Ni34.182 | B41: -1
A42: Al8.7869Cr11.363Fe19.584Co29.085Ni31.181 | B42: -1
A43: Al8.8Cr11.4Fe19.6Co29.1Ni31.2 | B43: -1
A44: Al8.8Cr11.1Fe13.6Co32.4Ni34.2 | B44: -1
A45: Al8.8Cr11.2Fe37.8Co20.3Ni21.9 | B45: -1
A46: Al8.8421Cr11.177Fe37.809Co20.277Ni21.895 | B46: -1
A47: Al8.9787Cr11.057Fe22.843Co27.609Ni29.512 | B47: -1
A48: Al9Cr11.1Fe22.8Co27.6Ni29.5 | B48: -1
A49: Al0.4CoCrFeNi | B49: 0 | C49: FCC
A50: Al0.5Co1.5CrFeNi1.5 | B50: -1
A51: Al9.1Co22.7Cr22.7Fe22.7Ni22.7 | B51: 0 | C51: FCC
A52: Al9.1Co22.7Cr22.7Fe22.7Ni22.7 | B52: 0 | C52: FCC
A53: Al0.41NiCoFeCr | B53: -1
A54: Al9.38Ni22.66Co22.66Fe22.66Cr22.66 | B54: -1 | C54: FCC+BCC
A55: Al9.3896Cr20.213Fe27.362Co19.0Ni24.035 | B55: -1
A56: Al9.4Cr20.2Fe27.4Co19Ni24 | B56: -1
A57: Al9.5Cr12.8Fe8.3Co33.7Ni35.6 | B57: -1
A58: Al9.5441Cr12.808Fe8.2933Co33.722Ni35.633 | B58: -1
A59: Al9.6Cr18.3Fe24.6Co20.8Ni26.7 | B59: -1
A60: Al9.6Cr12.9Fe10Co32.9Ni34.6 | B60: -1
A61: Al9.6049Cr12.858Fe10.028Co32.873Ni34.635 | B61: -1
A62: Al9.6282Cr18.265Fe24.56Co20.832Ni26.716 | B62: -1
A63: Al9.667Cr11.726Fe33.005Co22.094Ni23.508 | B63: -1
A64: Al9.6848Cr12.735Fe23.761Co26.034Ni27.785 | B64: -1
A65: Al9.7Cr11.7Fe33Co22.1Ni23.5 | B65: -1
A66: Al9.7Cr12.7Fe23.8Co26Ni27.8 | B66: -1
... A76: Al9.9Cr13Fe11.9Co31.9Ni33.3 | B76: -1
A77: Al0.44CoCrFeNi | B77: -1 | C77: IM
A78: Fe36Co21Cr18Ni15Al10 | B78: -1 | C78: IM
A79: Al10Co30Cr20Fe35Ni5 | B79: -1
A80: Al10.1Cr13Fe16.9Co29.3Ni30.7 | B80: -1
A81: Al0.45CoCrFeNi | B81: -1
A82: Al10.122Cr13.018Fe16.891Co29.286Ni30.683 | B82: -1
A83: Al10.155Cr12.844Fe13.963Co30.707Ni32.331 | B83: -1
A84: Al10.2Cr12.8Fe14Co30.7Ni32.3 | B84: -1
A85: Al10.4Cr20.2Fe27.4Co18.5Ni23.5 | B85: -1
A86: Al10.412Cr20.185Fe27.394Co18.526Ni23.484 | B86: -1
A87: Al0.6CoCrFeNi2.1 | B87: -1
A88: Al10.6Cr13.5Fe33.1Co20.6Ni22.3 | B88: -1
A89: Al10.592Cr13.489Fe33.053Co20.608Ni22.258 | B89: -1
A90: Al10.8Cr18.4Fe24.4Co20.5Ni25.9 | B90: -1
... A93: Al11.11Cr14.989Fe7.4726Co32.5Ni33.929 | B93: -1
A94: Al0.5CoCrFeNi | B94: -1 | C94: FCC+BCC
A95: Al0.5CoCrFeNi | B95: -1 | C95: FCC+BCC
A96: Al11.183Cr13.881Fe28.258Co22.564Ni24.113 | B96: -1
A97: Al11.2Cr13.9Fe28.3Co22.6Ni24.1 | B97: -1
A98: Al11.2Co22.2Cr22.2Fe22.2Ni22.2 | B98: 0 | C98: FCC
A99: Al11.278Cr14.008Fe38.29Co17.496Ni18.927 | B99: -1
A100: Al11.3Cr14Fe38.3Co17.5Ni18.9 | B100: -1
A101: Al11.3Cr16.5Fe22.2Co22.1Ni27.9 | B101: -1
A102: Al11.3Cr14.5Fe24Co24.1Ni26.1 | B102: -1
A103: Al11.309Cr14.476Fe24.036Co24.116Ni26.063 | B103: -1
A104: Al11.336Cr16.507Fe22.153Co22.128Ni27.876 | B104: -1
A105: Al11.4Cr14.7Fe20.7Co25.8Ni27.3 | B105: -1
A106: Al11.44Cr14.703Fe20.685Co25.831Ni27.341 | B106: -1
A107: Al11.475Cr15.286Fe12.225Co29.632Ni31.382 | B107: -1
A108: Al11.489Cr15.195Fe10.194Co30.599Ni32.523 | B108: -1
A109: Al11.49Cr14.887Fe19.629Co23.856Ni30.138 | B109: -1
A110: Al11.491Cr15.123Fe14.512Co28.594Ni30.28 | B110: -1
... A129: Al0.57NiCoFeCr | B129: -1
A130: Al12.5Ni21.88Co21.88Fe21.88Cr21.88 | B130: -1 | C130: FCC+BCC
A131: AlCoCrFeNi4 | B131: -1
A132: Al12.5Ni17.5Co17.5Fe26.25Cr26.25 | B132: -1
A133: Al12.5Ni17.5Co17.5Fe17.5Cr35 | B133: -1
...

Sheet Sheet7
A1: {=IF(ROW()<=COUNTA(Sheet1!A:A), INDEX(Sheet1!A:A, ROW()), INDEX(Sheet4!A:A, ROW()-COUNTA(Sheet1!A:A)))} -> Alloy | B1: Actual Phase | C1: Eutectic (from phases) | D1: VEC | E1: Eutetic (By self) | F1: Eutetic (final) | G1: %Co | H1: %Cr | I1: %Fe | J1: %Ni
A2: {=IF(ROW()<=COUNTA(Sheet1!A:A), INDEX(Sheet1!A:A, ROW()), INDEX(Sheet4!A:A, ROW()-COUNTA(Sheet1!A:A)))} -> Al0.1CoCr3Fe5Ni | B2: =_xlfn.XLOOKUP(A2, Sheet4!A:A, Sheet4!C:C) -> 0 | C2: -1 | D2: =_xlfn.XLOOKUP(A2, Sheet2!A:A, Sheet2!B:B) -> 7.6535 | E2: =_xlfn.XLOOKUP(A2, Sheet1!A:A, Sheet1!G:G) -> -1 | F2: =IF(OR(C2=1, E2=1), 1, IF(OR(C2=0, E2=0), 0, -1)) -> -1 | G2: {=_xlfn.XLOOKUP(A2, Sheet1!A:A, Sheet1!C:F)} -> 9.9009901 | H2: 29.70297 | I2: 49.50495 | J2: 9.9009901
A3: {=IF(ROW()<=COUNTA(Sheet1!A:A), INDEX(Sheet1!A:A, ROW()), INDEX(Sheet4!A:A, ROW()-COUNTA(Sheet1!A:A)))} -> Al0.2CoCr3Fe5Ni | B3: =_xlfn.XLOOKUP(A3, Sheet4!A:A, Sheet4!C:C) -> 0 | C3: -1 | D3: =_xlfn.XLOOKUP(A3, Sheet2!A:A, Sheet2!B:B) -> 7.6078 | E3: =_xlfn.XLOOKUP(A3, Sheet1!A:A, Sheet1!G:G) -> -1 | F3: =IF(OR(C3=1, E3=1), 1, IF(OR(C3=0, E3=0), 0, -1)) -> -1 | G3: {=_xlfn.XLOOKUP(A3, Sheet1!A:A, Sheet1!C:F)} -> 9.8039216 | H3: 29.411765 | I3: 49.019608 | J3: 9.8039216
A4: {=IF(ROW()<=COUNTA(Sheet1!A:A), INDEX(Sheet1!A:A, ROW()), INDEX(Sheet4!A:A, ROW()-COUNTA(Sheet1!A:A)))} -> Al2.4Co24.4Cr24.4Fe24.4Ni24.4 | B4: =_xlfn.XLOOKUP(A4, Sheet4!A:A, Sheet4!C:C) -> FCC | C4: 0 | D4: =_xlfn.XLOOKUP(A4, Sheet2!A:A, Sheet2!B:B) -> 8.124 | E4: =_xlfn.XLOOKUP(A4, Sheet1!A:A, Sheet1!G:G) -> -1 | F4: =IF(OR(C4=1, E4=1), 1, IF(OR(C4=0, E4=0), 0, -1)) -> 0 | G4: {=_xlfn.XLOOKUP(A4, Sheet1!A:A, Sheet1!C:F)} -> 24.4 | H4: 24.4 | I4: 24.4 | J4: 24.4
A5: {=IF(ROW()<=COUNTA(Sheet1!A:A), INDEX(Sheet1!A:A, ROW()), INDEX(Sheet4!A:A, ROW()-COUNTA(Sheet1!A:A)))} -> Al0.1CoCrFeNi | B5: =_xlfn.XLOOKUP(A5, Sheet4!A:A, Sheet4!C:C) -> FCC | C5: 0 | D5: =_xlfn.XLOOKUP(A5, Sheet2!A:A, Sheet2!B:B) -> 8.122 | E5: =_xlfn.XLOOKUP(A5, Sheet1!A:A, Sheet1!G:G) -> -1 | F5: =IF(OR(C5=1, E5=1), 1, IF(OR(C5=0, E5=0), 0, -1)) -> 0 | G5: {=_xlfn.XLOOKUP(A5, Sheet1!A:A, Sheet1!C:F)} -> 24.390244 | H5: 24.390244 | I5: 24.390244 | J5: 24.390244
A6: {=IF(ROW()<=COUNTA(Sheet1!A:A), INDEX(Sheet1!A:A, ROW()), INDEX(Sheet4!A:A, ROW()-COUNTA(Sheet1!A:A)))} -> Al0.1CoFeNiCr0.9 | B6: =_xlfn.XLOOKUP(A6, Sheet4!A:A, Sheet4!C:C) -> 0 | C6: -1 | D6: =_xlfn.XLOOKUP(A6, Sheet2!A:A, Sheet2!B:B) -> 8.175 | E6: =_xlfn.XLOOKUP(A6, Sheet1!A:A, Sheet1!G:G) -> -1 | F6: =IF(OR(C6=1, E6=1), 1, IF(OR(C6=0, E6=0), 0, -1)) -> -1 | G6: {=_xlfn.XLOOKUP(A6, Sheet1!A:A, Sheet1!C:F)} -> 25 | H6: 22.5 | I6: 25 | J6: 25
A7: {=IF(ROW()<=COUNTA(Sheet1!A:A), INDEX(Sheet1!A:A, ROW()), INDEX(Sheet4!A:A, ROW()-COUNTA(Sheet1!A:A)))} -> Al0.3CoCr3Fe5Ni | B7: =_xlfn.XLOOKUP(A7, Sheet4!A:A, Sheet4!C:C) -> 0 | C7: -1 | D7: =_xlfn.XLOOKUP(A7, Sheet2!A:A, Sheet2!B:B) -> 7.5631 | E7: =_xlfn.XLOOKUP(A7, Sheet1!A:A, Sheet1!G:G) -> -1 | F7: =IF(OR(C7=1, E7=1), 1, IF(OR(C7=0, E7=0), 0, -1)) -> -1 | G7: {=_xlfn.XLOOKUP(A7, Sheet1!A:A, Sheet1!C:F)} -> 9.7087379 | H7: 29.126214 | I7: 48.543689 | J7: 9.7087379
A8: {=IF(ROW()<=COUNTA(Sheet1!A:A), INDEX(Sheet1!A:A, ROW()), INDEX(Sheet4!A:A, ROW()-COUNTA(Sheet1!A:A)))} -> Al0.2CoCrFeNi | B8: =_xlfn.XLOOKUP(A8, Sheet4!A:A, Sheet4!C:C) -> BCC1+B2(ordered BCC) | C8: 1 | D8: =_xlfn.XLOOKUP(A8, Sheet2!A:A, Sheet2!B:B) -> 8 | E8: =_xlfn.XLOOKUP(A8, Sheet1!A:A, Sheet1!G:G) -> -1 | F8: =IF(OR(C8=1, E8=1), 1, IF(OR(C8=0, E8=0), 0, -1)) -> 1 | G8: {=_xlfn.XLOOKUP(A8, Sheet1!A:A, Sheet1!C:F)} -> 23.809524 | H8: 23.809524 | I8: 23.809524 | J8: 23.809524
A9: {=IF(ROW()<=COUNTA(Sheet1!A:A), INDEX(Sheet1!A:A, ROW()), INDEX(Sheet4!A:A, ROW()-COUNTA(Sheet1!A:A)))} -> Al0.2CoFeNiCr0.8 | B9: =_xlfn.XLOOKUP(A9, Sheet4!A:A, Sheet4!C:C) -> 0 | C9: -1 | D9: =_xlfn.XLOOKUP(A9, Sheet2!A:A, Sheet2!B:B) -> 8.1 | E9: =_xlfn.XLOOKUP(A9, Sheet1!A:A, Sheet1!G:G) -> -1 | F9: =IF(OR(C9=1, E9=1), 1, IF(OR(C9=0, E9=0), 0, -1)) -> -1 | G9: {=_xlfn.XLOOKUP(A9, Sheet1!A:A, Sheet1!C:F)} -> 25 | H9: 20 | I9: 25 | J9: 25
A10: {=IF(ROW()<=COUNTA(Sheet1!A:A), INDEX(Sheet1!A:A, ROW()), INDEX(Sheet4!A:A, ROW()-COUNTA(Sheet1!A:A)))} -> Al0.3CoCr2FeNi | B10: =_xlfn.XLOOKUP(A10, Sheet4!A:A, Sheet4!C:C) -> 0 | C10: -1 | D10: =_xlfn.XLOOKUP(A10, Sheet2!A:A, Sheet2!B:B) -> 7.5283 | E10: =_xlfn.XLOOKUP(A10, Sheet1!A:A, Sheet1!G:G) -> -1 | F10: =IF(OR(C10=1, E10=1), 1, IF(OR(C10=0, E10=0), 0, -1)) -> -1 | G10: {=_xlfn.XLOOKUP(A10, Sheet1!A:A, Sheet1!C:F)} -> 18.867925 | H10: 37.735849 | I10: 18.867925 | J10: 18.867925
A11: {=IF(ROW()<=COUNTA(Sheet1!A:A), INDEX(Sheet1!A:A, ROW()), INDEX(Sheet4!A:A, ROW()-COUNTA(Sheet1!A:A)))} -> Al0.25CoCrFeNi | B11: =_xlfn.XLOOKUP(A11, Sheet4!A:A, Sheet4!C:C) -> FCC | C11: 0 | D11: =_xlfn.XLOOKUP(A11, Sheet2!A:A, Sheet2!B:B) -> 7.9412 | E11: =_xlfn.XLOOKUP(A11, Sheet1!A:A, Sheet1!G:G) -> -1 | F11: =IF(OR(C11=1, E11=1), 1, IF(OR(C11=0, E11=0), 0, -1)) -> 0 | G11: {=_xlfn.XLOOKUP(A11, Sheet1!A:A, Sheet1!C:F)} -> 23.529412 | H11: 23.529412 | I11: 23.529412 | J11: 23.529412
A12: {=IF(ROW()<=COUNTA(Sheet1!A:A), INDEX(Sheet1!A:A, ROW()), INDEX(Sheet4!A:A, ROW()-COUNTA(Sheet1!A:A)))} -> Al0.3CoCrFeNi | B12: =_xlfn.XLOOKUP(A12, Sheet4!A:A, Sheet4!C:C) -> IM | C12: -1 | D12: =_xlfn.XLOOKUP(A12, Sheet2!A:A, Sheet2!B:B) -> 7.8837 | E12: =_xlfn.XLOOKUP(A12, Sheet1!A:A, Sheet1!G:G) -> -1 | F12: =IF(OR(C12=1, E12=1), 1, IF(OR(C12=0, E12=0), 0, -1)) -> -1 | G12: {=_xlfn.XLOOKUP(A12, Sheet1!A:A, Sheet1!C:F)} -> 23.529412 | H12: 23.529412 | I12: 23.529412 | J12: 23.529412
A13: {=IF(ROW()<=COUNTA(Sheet1!A:A), INDEX(Sheet1!A:A, ROW()), INDEX(Sheet4!A:A, ROW()-COUNTA(Sheet1!A:A)))} -> Al7.0536Cr9.5224Fe15.749Co32.895Ni34.78 | B13: =_xlfn.XLOOKUP(A13, Sheet4!A:A, Sheet4!C:C) -> 0 | C13: -1 | D13: =_xlfn.XLOOKUP(A13, Sheet2!A:A, Sheet2!B:B) -> 8.4814 | E13: =_xlfn.XLOOKUP(A13, Sheet1!A:A, Sheet1!G:G) -> -1 | F13: =IF(OR(C13=1, E13=1), 1, IF(OR(C13=0, E13=0), 0, -1)) -> -1 | G13: {=_xlfn.XLOOKUP(A13, Sheet1!A:A, Sheet1!C:F)} -> 23.255814 | H13: 23.255814 | I13: 23.255814 | J13: 23.255814
... A750: {=IF(ROW()<=COUNTA(Sheet1!A:A), INDEX(Sheet1!A:A, ROW()), INDEX(Sheet4!A:A, ROW()-COUNTA(Sheet1!A:A)))} -> Al0.278 Co0.556 Cr0.556 Cu0.556 Fe0.556 Ni0.556 Ti1 | B750: =_xlfn.XLOOKUP(A750, Sheet4!A:A, Sheet4!C:C) -> #N/A | C750: -1 | D750: =_xlfn.XLOOKUP(A750, Sheet2!A:A, Sheet2!B:B) -> #N/A | E750: =_xlfn.XLOOKUP(A750, Sheet1!A:A, Sheet1!G:G) -> 1 | F750: =IF(OR(C750=1, E750=1), 1, IF(OR(C750=0, E750=0), 0, -1)) -> 1 | G750: {=_xlfn.XLOOKUP(A750, Sheet1!A:A, Sheet1!C:F)} -> 0 | H750: 0 | I750: 0 | J750: 0
A751: {=IF(ROW()<=COUNTA(Sheet1!A:A), INDEX(Sheet1!A:A, ROW()), INDEX(Sheet4!A:A, ROW()-COUNTA(Sheet1!A:A)))} -> Alloy | B751: =_xlfn.XLOOKUP(A751, Sheet4!A:A, Sheet4!C:C) -> Actual phase | C751: -1 | D751: =_xlfn.XLOOKUP(A751, Sheet2!A:A, Sheet2!B:B) -> VEC | E751: =_xlfn.XLOOKUP(A751, Sheet1!A:A, Sheet1!G:G) -> Etutetic | F751: =IF(OR(C751=1, E751=1), 1, IF(OR(C751=0, E751=0), 0, -1)) -> -1 | G751: {=_xlfn.XLOOKUP(A751, Sheet1!A:A, Sheet1!C:F)} -> %Co | H751: %Cr | I751: %Fe | J751: %Ni
A752: {=IF(ROW()<=COUNTA(Sheet1!A:A), INDEX(Sheet1!A:A, ROW()), INDEX(Sheet4!A:A, ROW()-COUNTA(Sheet1!A:A)))} -> Al0.1CoCr3Fe5Ni | B752: =_xlfn.XLOOKUP(A752, Sheet4!A:A, Sheet4!C:C) -> 0 | C752: -1 | D752: =_xlfn.XLOOKUP(A752, Sheet2!A:A, Sheet2!B:B) -> 7.6535 | E752: =_xlfn.XLOOKUP(A752, Sheet1!A:A, Sheet1!G:G) -> -1 | F752: =IF(OR(C752=1, E752=1), 1, IF(OR(C752=0, E752=0), 0, -1)) -> -1 | G752: {=_xlfn.XLOOKUP(A752, Sheet1!A:A, Sheet1!C:F)} -> 9.9009901 | H752: 29.70297 | I752: 49.50495 | J752: 9.9009901
A753: {=IF(ROW()<=COUNTA(Sheet1!A:A), INDEX(Sheet1!A:A, ROW()), INDEX(Sheet4!A:A, ROW()-COUNTA(Sheet1!A:A)))} -> Al0.2CoCr3Fe5Ni | B753: =_xlfn.XLOOKUP(A753, Sheet4!A:A, Sheet4!C:C) -> 0 | C753: -1 | D753: =_xlfn.XLOOKUP(A753, Sheet2!A:A, Sheet2!B:B) -> 7.6078 | E753: =_xlfn.XLOOKUP(A753, Sheet1!A:A, Sheet1!G:G) -> -1 | F753: =IF(OR(C753=1, E753=1), 1, IF(OR(C753=0, E753=0), 0, -1)) -> -1 | G753: {=_xlfn.XLOOKUP(A753, Sheet1!A:A, Sheet1!C:F)} -> 9.8039216 | H753: 29.411765 | I753: 49.019608 | J753: 9.8039216
A754: {=IF(ROW()<=COUNTA(Sheet1!A:A), INDEX(Sheet1!A:A, ROW()), INDEX(Sheet4!A:A, ROW()-COUNTA(Sheet1!A:A)))} -> Al2.4Co24.4Cr24.4Fe24.4Ni24.4 | B754: =_xlfn.XLOOKUP(A754, Sheet4!A:A, Sheet4!C:C) -> FCC | C754: 0 | D754: =_xlfn.XLOOKUP(A754, Sheet2!A:A, Sheet2!B:B) -> 8.124 | E754: =_xlfn.XLOOKUP(A754, Sheet1!A:A, Sheet1!G:G) -> -1 | F754: =IF(OR(C754=1, E754=1), 1, IF(OR(C754=0, E754=0), 0, -1)) -> 0 | G754: {=_xlfn.XLOOKUP(A754, Sheet1!A:A, Sheet1!C:F)} -> 24.4 | H754: 24.4 | I754: 24.4 | J754: 24.4
A755: {=IF(ROW()<=COUNTA(Sheet1!A:A), INDEX(Sheet1!A:A, ROW()), INDEX(Sheet4!A:A, ROW()-COUNTA(Sheet1!A:A)))} -> Al0.1CoCrFeNi | B755: =_xlfn.XLOOKUP(A755, Sheet4!A:A, Sheet4!C:C) -> FCC | C755: 0 | D755: =_xlfn.XLOOKUP(A755, Sheet2!A:A, Sheet2!B:B) -> 8.122 | E755: =_xlfn.XLOOKUP(A755, Sheet1!A:A, Sheet1!G:G) -> -1 | F755: =IF(OR(C755=1, E755=1), 1, IF(OR(C755=0, E755=0), 0, -1)) -> 0 | G755: {=_xlfn.XLOOKUP(A755, Sheet1!A:A, Sheet1!C:F)} -> 24.390244 | H755: 24.390244 | I755: 24.390244 | J755: 24.390244
A756: {=IF(ROW()<=COUNTA(Sheet1!A:A), INDEX(Sheet1!A:A, ROW()), INDEX(Sheet4!A:A, ROW()-COUNTA(Sheet1!A:A)))} -> Al0.1CoFeNiCr0.9 | B756: =_xlfn.XLOOKUP(A756, Sheet4!A:A, Sheet4!C:C) -> 0 | C756: -1 | D756: =_xlfn.XLOOKUP(A756, Sheet2!A:A, Sheet2!B:B) -> 8.175 | E756: =_xlfn.XLOOKUP(A756, Sheet1!A:A, Sheet1!G:G) -> -1 | F756: =IF(OR(C756=1, E756=1), 1, IF(OR(C756=0, E756=0), 0, -1)) -> -1 | G756: {=_xlfn.XLOOKUP(A756, Sheet1!A:A, Sheet1!C:F)} -> 25 | H756: 22.5 | I756: 25 | J756: 25
A757: {=IF(ROW()<=COUNTA(Sheet1!A:A), INDEX(Sheet1!A:A, ROW()), INDEX(Sheet4!A:A, ROW()-COUNTA(Sheet1!A:A)))} -> Al0.3CoCr3Fe5Ni | B757: =_xlfn.XLOOKUP(A757, Sheet4!A:A, Sheet4!C:C) -> 0 | C757: -1 | D757: =_xlfn.XLOOKUP(A757, Sheet2!A:A, Sheet2!B:B) -> 7.5631 | E757: =_xlfn.XLOOKUP(A757, Sheet1!A:A, Sheet1!G:G) -> -1 | F757: =IF(OR(C757=1, E757=1), 1, IF(OR(C757=0, E757=0), 0, -1)) -> -1 | G757: {=_xlfn.XLOOKUP(A757, Sheet1!A:A, Sheet1!C:F)} -> 9.7087379 | H757: 29.126214 | I757: 48.543689 | J757: 9.7087379
A758: {=IF(ROW()<=COUNTA(Sheet1!A:A), INDEX(Sheet1!A:A, ROW()), INDEX(Sheet4!A:A, ROW()-COUNTA(Sheet1!A:A)))} -> Al0.2CoCrFeNi | B758: =_xlfn.XLOOKUP(A758, Sheet4!A:A, Sheet4!C:C) -> BCC1+B2(ordered BCC) | C758: 1 | D758: =_xlfn.XLOOKUP(A758, Sheet2!A:A, Sheet2!B:B) -> 8 | E758: =_xlfn.XLOOKUP(A758, Sheet1!A:A, Sheet1!G:G) -> -1 | F758: =IF(OR(C758=1, E758=1), 1, IF(OR(C758=0, E758=0), 0, -1)) -> 1 | G758: {=_xlfn.XLOOKUP(A758, Sheet1!A:A, Sheet1!C:F)} -> 23.809524 | H758: 23.809524 | I758: 23.809524 | J758: 23.809524
A759: {=IF(ROW()<=COUNTA(Sheet1!A:A), INDEX(Sheet1!A:A, ROW()), INDEX(Sheet4!A:A, ROW()-COUNTA(Sheet1!A:A)))} -> Al0.2CoFeNiCr0.8 | B759: =_xlfn.XLOOKUP(A759, Sheet4!A:A, Sheet4!C:C) -> 0 | C759: -1 | D759: =_xlfn.XLOOKUP(A759, Sheet2!A:A, Sheet2!B:B) -> 8.1 | E759: =_xlfn.XLOOKUP(A759, Sheet1!A:A, Sheet1!G:G) -> -1 | F759: =IF(OR(C759=1, E759=1), 1, IF(OR(C759=0, E759=0), 0, -1)) -> -1 | G759: {=_xlfn.XLOOKUP(A759, Sheet1!A:A, Sheet1!C:F)} -> 25 | H759: 20 | I759: 25 | J759: 25
A760: {=IF(ROW()<=COUNTA(Sheet1!A:A), INDEX(Sheet1!A:A, ROW()), INDEX(Sheet4!A:A, ROW()-COUNTA(Sheet1!A:A)))} -> Al0.3CoCr2FeNi | B760: =_xlfn.XLOOKUP(A760, Sheet4!A:A, Sheet4!C:C) -> 0 | C760: -1 | D760: =_xlfn.XLOOKUP(A760, Sheet2!A:A, Sheet2!B:B) -> 7.5283 | E760: =_xlfn.XLOOKUP(A760, Sheet1!A:A, Sheet1!G:G) -> -1 | F760: =IF(OR(C760=1, E760=1), 1, IF(OR(C760=0, E760=0), 0, -1)) -> -1 | G760: {=_xlfn.XLOOKUP(A760, Sheet1!A:A, Sheet1!C:F)} -> 18.867925 | H760: 37.735849 | I760: 18.867925 | J760: 18.867925
A761: {=IF(ROW()<=COUNTA(Sheet1!A:A), INDEX(Sheet1!A:A, ROW()), INDEX(Sheet4!A:A, ROW()-COUNTA(Sheet1!A:A)))} -> Al0.25CoCrFeNi | B761: =_xlfn.XLOOKUP(A761, Sheet4!A:A, Sheet4!C:C) -> FCC | C761: 0 | D761: =_xlfn.XLOOKUP(A761, Sheet2!A:A, Sheet2!B:B) -> 7.9412 | E761: =_xlfn.XLOOKUP(A761, Sheet1!A:A, Sheet1!G:G) -> -1 | F761: =IF(OR(C761=1, E761=1), 1, IF(OR(C761=0, E761=0), 0, -1)) -> 0 | G761: {=_xlfn.XLOOKUP(A761, Sheet1!A:A, Sheet1!C:F)} -> 23.529412 | H761: 23.529412 | I761: 23.529412 | J761: 23.529412
A762: {=IF(ROW()<=COUNTA(Sheet1!A:A), INDEX(Sheet1!A:A, ROW()), INDEX(Sheet4!A:A, ROW()-COUNTA(Sheet1!A:A)))} -> Al0.25CoCrFeNi | B762: =_xlfn.XLOOKUP(A762, Sheet4!A:A, Sheet4!C:C) -> FCC | C762: 0 | D762: =_xlfn.XLOOKUP(A762, Sheet2!A:A, Sheet2!B:B) -> 7.9412 | E762: =_xlfn.XLOOKUP(A762, Sheet1!A:A, Sheet1!G:G) -> -1 | F762: =IF(OR(C762=1, E762=1), 1, IF(OR(C762=0, E762=0), 0, -1)) -> 0 | G762: {=_xlfn.XLOOKUP(A762, Sheet1!A:A, Sheet1!C:F)} -> 23.529412 | H762: 23.529412 | I762: 23.529412 | J762: 23.529412
A763: {=IF(ROW()<=COUNTA(Sheet1!A:A), INDEX(Sheet1!A:A, ROW()), INDEX(Sheet4!A:A, ROW()-COUNTA(Sheet1!A:A)))} -> Al0.3CoCrFeNi | B763: =_xlfn.XLOOKUP(A763, Sheet4!A:A, Sheet4!C:C) -> IM | C763: -1 | D763: =_xlfn.XLOOKUP(A763, Sheet2!A:A, Sheet2!B:B) -> 7.8837 | E763: =_xlfn.XLOOKUP(A763, Sheet1!A:A, Sheet1!G:G) -> -1 | F763: =IF(OR(C763=1, E763=1), 1, IF(OR(C763=0, E763=0), 0, -1)) -> -1 | G763: {=_xlfn.XLOOKUP(A763, Sheet1!A:A, Sheet1!C:F)} -> 23.529412 | H763: 23.529412 | I763: 23.529412 | J763: 23.529412
... A1422: {=IF(ROW()<=COUNTA(Sheet1!A:A), INDEX(Sheet1!A:A, ROW()), INDEX(Sheet4!A:A, ROW()-COUNTA(Sheet1!A:A)))} -> Al47.5Cr14.5Fe18.9Co8.3Ni10.7 | B1422: =_xlfn.XLOOKUP(A1422, Sheet4!A:A, Sheet4!C:C) -> 0 | C1422: -1 | D1422: =_xlfn.XLOOKUP(A1422, Sheet2!A:A, Sheet2!B:B) -> 5.6296 | E1422: =_xlfn.XLOOKUP(A1422, Sheet1!A:A, Sheet1!G:G) -> -1 | F1422: =IF(OR(C1422=1, E1422=1), 1, IF(OR(C1422=0, E1422=0), 0, -1)) -> -1 | G1422: {=_xlfn.XLOOKUP(A1422, Sheet1!A:A, Sheet1!C:F)} -> 8.9 | H1422: 15.3 | I1422: 20.2 | J1422: 11.5
